# Resolved fill + ink per lithology code, for review.
# Regenerate with inject_basemap_lith_patterns.py
code	fill	ink
ALPR	#8351b4	#9363c2
ANS	#feafc2	#db8f97
APH	#73f2cc	#22e7ac
ATR	#84f5db	#2deabf
F	#feafc2	#f19fb3
FAB	#feafc2	#f4b9c7
FAPL	#fedee6	#f4e8eb
FD	#fdeca5	#ecce4d
FGAP	#feafc2	#f4b9c7
FGD	#fc94b7	#f47da5
FGM	#feafc2	#f19fb3
FGR	#feafc2	#f19fb3
FGR2M	#feafc2	#d49299
FGRA	#feafc2	#db8f97
FGRB	#feafc2	#d49299
FGRL	#fec8d5	#eab9c5
FGY	#feafc2	#f4b9c7
FI	#feafc2	#f19fb3
FIG	#fef1ae	#f0e197
FMG	#feafc2	#f4b9c7
FMZQ	#fc94b7	#be83a2
FP	#fce093	#f2cb60
FPG	#fda6be	#f285a3
FPGS	#f79bb8	#cb80a1
FQFP	#fdeca5	#cbc899
FQP	#fef5b8	#cdcfa8
FR	#fdeca5	#f1da79
FRD	#fef5b8	#e5d87c
FSY	#fda6be	#da8792
FSYG	#fee4d9	#e1bcaf
FSYG (R)	#ebfee9	#d4d2bd
FTA	#fde79c	#f0ca47
FTJ	#fda6be	#f390ab
FTO	#feb9c7	#eda8b6
FTO (LA)	#feecf1	#eadadf
FTX	#fef1ae	#ead56c
FV	#fef5b8	#ede3a3
FVC	#fef8c1	#e4dd95
FVP	#fefbcb	#e9e6b9
FVX	#fef1ae	#ebd876
HAMP	#8abcc1	#729c9d
HBL	#6caea9	#4b9a94
HCAT	#9a9086	#917c66
HCK	#c86a44	#be5c35
HCS	#c8cf9e	#b4a984
HEC	#84babd	#7e969b
HFBX	#8e857b	#85735f
HFG	#e09a72	#d98352
HGF	#d4794f	#d37447
HGG	#d96a4e	#d35130
HGGA	#e3876f	#dc6849
HGI	#55ecc4	#49e8be
HGM	#84babd	#7fbfc2
HGOU	#a79d92	#9e8971
HGS	#78b6b5	#4da2a0
HGT	#a0455a	#832e3c
HGU	#6c3d9a	#723ca6
HHF	#b08968	#a4744c
HIG	#55ecc4	#1bd7a5
HMB	#c3ddd2	#9ebab5
HMG	#84babd	#57abaf
HMI	#b04168	#c24d76
HMID	#af3a58	#c54465
HMIM	#c95672	#c53c5e
HMIN	#e89fb0	#e3869c
HMIP	#f0b6c3	#e5a0b0
HMIS	#e0889d	#db718a
HMIT	#d8718a	#d35977
HMY	#82786f	#826e5d
HPA	#8abcc1	#729c9d
HPC	#8abcc1	#729c9d
HPEG	#5b90c2	#4180bc
HPG	#5b90c2	#4180bc
HPH	#5b90c2	#4d89c2
HPK	#8abcc1	#7d9a95
HPMA	#8abcc1	#729c9d
HPPG	#5b90c2	#4180bc
HPSG	#5b90c2	#4180bc
HPST	#6b6259	#776553
HSK	#a8a05c	#987e4d
HSL	#5b90c2	#518cc3
HUMY	#6f675e	#7d6c59
I	#84f5db	#75f2d5
IA	#6bf1c4	#18dd9b
IAC	#73f2cc	#18dca2
IBN	#7bf4d4	#6dccad
ICB	#73f2cc	#66c9b1
ID	#84f5db	#75f2d5
IDQ	#73f2cc	#64c9b4
II	#84f5db	#75f2d5
IIG	#7bf4d4	#37ebbb
ILP	#7bf4d4	#16dea9
IMC	#73f2cc	#18e3a6
IMZ	#84f5db	#86cab2
IMZD	#84f5db	#75f2d5
IP	#84f5db	#20e9bb
IPG	#7bf4d4	#16dea9
ITA	#8df5e1	#18e5bd
IVC	#84f5db	#16e1b2
IVX	#7bf4d4	#16e1ab
M	#e4f0e4	#c5d9c5
MAGG	#c8ddc3	#a3cb99
MAM	#85b98b	#6e9974
MB	#d2e4cf	#afcfa9
MBA	#d2e4cf	#afcfa9
MBFS	#c4dabd	#a5cc98
MBK	#d2e4cf	#afcfa9
MBP	#d2e4cf	#afcfa9
MBV	#d2e4cf	#afcfa9
MBX	#d2e4cf	#afcfa9
MD	#b0ced2	#82b9c1
MDF	#b0ced2	#a0a9a8
MDFS	#55a9ad	#449a9e
MDH	#62aab3	#45959f
MDQ	#98c3c3	#7aa2aa
MG	#bfd6da	#97c3ca
MGA	#5b908b	#86aba6
MGBO	#c6dade	#a5b8ad
MGF	#8bbbb7	#839890
MGFS	#62aab3	#489ba6
MGGN	#bfd6da	#a0b3b0
MGGNO	#c6dade	#a5b8ad
MGL	#5b908e	#86aba8
MGN	#99c4c4	#81a39c
MGNO	#c6dade	#a5b8ad
MGQ	#a0c7c9	#80a6af
MGT	#a8cbcd	#99a6a3
MGTC	#c6dade	#a5b8ad
MGY	#afced1	#84bcc1
MI	#bfd6da	#97c3ca
MLP	#a4c9cb	#73b5b9
MMZG	#b7d2d6	#8ebfc6
MPC	#c8ddc3	#a6ba99
MPG	#a4c9cb	#73b5b9
RARZ	#ffefdb	#e4d4bf
RBX	#ffefdb	#dfc6b2
RCC	#fff9f3	#cfd3d1
RDLM	#ffeed6	#e8d9c4
RDLN	#faead7	#e4d4c0
RDLP	#ffeed6	#e8d9c4
RDLX	#ffeed6	#e8d9c4
RFC	#ffe9d2	#dfc1ab
RFSP	#ffe9d2	#dfc1ab
RGO	#876e4c	#795036
RIST	#ffeed6	#dfc5ae
RMZ	#ffeed6	#e9dbc7
RPLZ	#ffeed6	#e9dbc7
RSIL	#fee3c8	#ccc0b3
RSLS	#ffefdb	#cecac2
RSLU	#cbc1d1	#9fa3b5
RSPC	#ffeed6	#e9dbc7
RSPL	#e4d5c4	#d8c3ab
RSPR	#ffeed6	#e9dbc7
RSPU	#ffeed6	#e9dbc7
S	#67a2c7	#428ebf
SAK	#e7dab1	#d7c077
SBS	#7a8288	#62686c
SBX	#d2ceb1	#c0b983
SCA	#78a7d3	#618aa8
SCG	#c1b796	#b1a068
SCGFM	#5d68c3	#727ccf
SCGFP	#656cc6	#7b81d2
SCGIM	#6dbdc9	#3fa9b9
SCGIP	#71c1d0	#3cadc2
SCGMM	#78d3cb	#3abfb3
SCGMP	#80d6d1	#3ac0b8
SCGUM	#ac88d8	#9c6fd3
SCGUP	#b490db	#a476d5
SCT	#bbc4ca	#a4b7c3
SCTB	#c5ccd2	#a4aaaf
SDM	#98b4de	#789ed6
SDO	#78a7d3	#618aa8
SDOSL	#71a5d0	#5d88a5
SEV	#e3e0d3	#d4cfb8
SGT	#fcedc1	#e8d7a6
SGW	#71a5d0	#5394ca
SIF	#895245	#945242
SJP	#965f4a	#9f5f46
SLI	#a5c0ca	#97bcca
SMD	#6ea3c9	#5093c3
SML	#78a7d3	#618aa8
SPE	#7f868d	#67798b
SPH	#bf9c7d	#b9895f
SPP	#898f96	#6f8095
SPR	#71a5d0	#4e91c8
SPS	#71a5d0	#5092c9
SQT	#78a7d3	#608aae
SSH	#848a92	#78879b
SSL	#e3e3e3	#d0c6c6
SST	#eee8c7	#d8cf9e
SSTF	#8eaeda	#6f99d3
SSTL	#eee8c7	#d8cf9e
SSTM	#efebd0	#cdc4a8
SSTP	#7fa9d5	#5f95ce
SSTQ	#8eaeda	#6f99d3
SSTR	#78a7d3	#618aa8
STB	#7fa9d5	#6297cf
STI	#a0b8e0	#7fa1d8
STU	#7fa9d5	#5d94cd
SW	#8eaeda	#749dd5
TALL	#efe8ce	#e8e2cc
TCO	#efe8ce	#d8cea9
TCOC	#efe8ce	#d8cea9
TCOD	#e7d9b9	#dbc799
TCOS	#e7d9b9	#d7c08d
TCY	#ece3c7	#ddd1ad
TDLP	#ffe9d2	#e8d5c0
TEVS	#eadec0	#dbcba1
TGRV	#ece3c7	#d6c99e
TGYP	#efe8ce	#dfd6b8
THP	#f1ecd5	#dfdabf
TLG	#f1ecd5	#d8d1b0
TLSC	#eadec0	#d7c495
TLTP	#f1ecd5	#ddd6b9
TRSL	#f4f0dd	#dbd5bc
TRSLM	#f5f3e0	#e2e0ca
TRSS	#f5f3e0	#dbd9bf
TSA	#ece3c7	#d8caa1
TSAC	#f1ecd5	#dad3b3
TSI	#efe8ce	#d8cea9
TSP	#f4f0dd	#e1ddc7
U	#b0a0bc	#af98c1
U-A	#b0a0bc	#8d8597
U-CA	#b0a0bc	#8d8597
U-T	#786487	#8e819a
U-TA	#b0a0bc	#8d8597
U-TCB	#786487	#8e819a
U-TCBA	#786487	#8e819a
UCR	#7b4daf	#593f7d
UDN	#855db7	#525c33
UHB	#8351b4	#5d467b
UHZ	#895ab8	#505c2e
UKI	#8351b4	#9363c2
UKO	#998aac	#8c74ab
UKOC	#8351b4	#8853bc
UKOS	#a595b4	#997fb1
ULP	#8351b4	#9667c4
ULZ	#895ab8	#505c2e
UPD	#895ab8	#505c2e
UPDO	#895ab8	#505c2e
UPG	#8351b4	#9667c4
UPY	#8b58b7	#664d75
UPYC	#8b58b7	#664d75
UPYO	#8b58b7	#664d75
USP	#766487	#8d8099
USPX	#b0a0bc	#a489b8
UWB	#8b58b7	#664d75
UWBO	#8c59b8	#515c30
UWH	#895ab8	#505c2e
VC	#c35d6b	#68616e
VL	#f98775	#f38270
VN	#f98775	#f38270
VPG	#f75050	#ec1919
VQ	#c86b71	#7e6575
VQC	#f75050	#ac585d
VS	#f98775	#f38270
VSTW	#f86c63	#f2685f
VT	#f98775	#f38270
VX	#f75050	#ed2525
ZBXSI	#7b9cc0	#5d8aba
ZCS	#628789	#85a3a1
ZF	#eea5b7	#e8859d
ZGT	#578eaa	#5d6f85
ZI	#79dcc2	#32c8a0
ZM	#b1c6cb	#8ab2bc
ZMAM	#a6c0c3	#88a09f
ZMB	#b1c6cb	#8ab2bc
ZMD	#b1c6cb	#8ab2bc
ZMG	#b1c6cb	#8ab2bc
ZQM	#6393b2	#60767f
ZS	#94a9ce	#7693c7
ZSAS	#6f97b9	#4e84b2
ZSBS	#7b9dc0	#66809b
ZSPE	#94a9ce	#7693c7
ZSQT	#87a3c7	#6887a6
ZSST	#94a9ce	#7693c7
ZU	#765696	#8b64b1
ZU-A	#765696	#504864
ZU-CA	#765696	#504864
ZU-P	#765696	#624541
ZU-T	#765595	#8b73a3
ZU-TA	#765696	#504864
ZU-TCB	#765595	#8b73a3
